[
  {
    "id": 1,
    "title": "the new dodge",
    "description_html": "<div _ngcontent-ng-c1979237833=\"\" inline-copy-host=\"\" class=\"markdown markdown-main-panel enable-updated-hr-color\" id=\"model-response-message-contentr_2ec97fa4b1ca7847\" aria-live=\"polite\" aria-busy=\"false\" dir=\"ltr\" style=\"--animation-duration: 400ms; --fade-animation-function: linear;\"><response-element class=\"\" ng-version=\"0.0.0-PLACEHOLDER\"><code-block _nghost-ng-c4227734975=\"\" class=\"ng-tns-c4227734975-191 ng-star-inserted\"><div _ngcontent-ng-c4227734975=\"\" class=\"code-block ng-tns-c4227734975-191 ng-animate-disabled ng-trigger ng-trigger-codeBlockRevealAnimation\" jslog=\"223238;track:impression,attention;BardVeMetadataKey:[[&quot;r_2ec97fa4b1ca7847&quot;,&quot;c_8accdf41d3f607ea&quot;,null,&quot;rc_419a02ca0da38592&quot;,null,null,&quot;en&quot;,null,1,null,null,1,0]]\" data-hveid=\"0\" decode-data-ved=\"1\" data-ved=\"0CAAQhtANahgKEwi628-W-86QAxUAAAAAHQAAAAAQ2QI\"><div _ngcontent-ng-c4227734975=\"\" class=\"formatted-code-block-internal-container ng-tns-c4227734975-191\"><div _ngcontent-ng-c4227734975=\"\" class=\"animated-opacity ng-tns-c4227734975-191\"><pre _ngcontent-ng-c4227734975=\"\" class=\"ng-tns-c4227734975-191\"><h2><code _ngcontent-ng-c4227734975=\"\" role=\"text\" data-test-id=\"code-content\" class=\"code-container formatted ng-tns-c4227734975-191 no-decoration-radius\">Now, I want to start the \"Nice-to-have\" features. The first one is the **\"Saved Searches\"** page.</code></h2><code _ngcontent-ng-c4227734975=\"\" role=\"text\" data-test-id=\"code-content\" class=\"code-container formatted ng-tns-c4227734975-191 no-decoration-radius\">Please generate the **ENTIRE, complete HTML file** for this new page, which I will save as `dashboard-saved-searches.html`.\n\nThis file MUST include:\n1.  **Consistent Design:** The standard public website `&lt;header&gt;` and `&lt;footer&gt;` (the same ones from my 'home.html' page).\n2.  **The Dashboard Layout:** It must have the same two-column layout:\n    * The **Dashboard Sidebar Navigation Menu** (on the left).\n    * The **Main Content Area** (on the right).\n3.  **New Sidebar Link:** You must **update the Sidebar** to include this new link:\n    * `Saved Searches` (links to `dashboard-saved-searches.html`)\n4.  **Active Link:** In the sidebar menu, this new \"Saved Searches\" link should be marked as \"active\".\n5.  **Main Content Area (Saved Searches):**\n    The content area (on the right) for this page must show:\n    * A \"My Saved Searches\" heading.\n    * A list of saved search criteria (you can use 1-2 placeholder examples):\n        * Example 1: \"2020+ Honda Civic, Blue, under $25,000\"\n        * Example 2: \"Toyota SUVs, 4WD, under 50,000km\"\n    * Each saved search must have a \"Run Search\" button and a \"Delete\" button.\n</code></pre><!----></div></div></div><!----><!----></code-block><!----><!----><!----><!----><!----><!----><!----><!----><!----><!----><!----><!----><!----><!----><!----><!----><!----><!----><!----><!----><!----><!----><!----><!----><!----><!----><!----><!----><!----><!----><!----><!----><!----><!----><!----><!----><!----><!----><!----><!----></response-element></div><!---->",
    "featured_image_url": "/uploads/Gemini_Generated_Image_l5duzzl5duzzl5du-1763376246080-nhylpf.png",
    "created_at": "2025-11-17T10:32:28.393Z",
    "author_id": 1761597392749,
    "updated_at": "2025-11-17T10:44:09.314Z"
  },
  {
    "id": 2,
    "title": "Discovering the offroad vehicles",
    "description_html": "Discovering<img src=\"/uploads/Gemini_Generated_Image_1info91info91inf-1764242534030-zzbdv0.png\">",
    "featured_image_url": "/uploads/Gemini_Generated_Image_1info91info91inf-1764242464203-l647uc.png",
    "created_at": "2025-11-27T11:22:26.493Z",
    "author_id": 1761597392749
  }
]