[
  {
    "id": 1,
    "listingId": 1761568080508,
    "country": "United States",
    "type": "personal",
    "selection": {
      "name": "afreen",
      "telCode": "+1",
      "tel": "3309876356",
      "memo": ""
    },
    "buyer_id": null,
    "buyer_email": null,
    "status": "completed",
    "created_at": "2025-11-01T20:52:52.328Z",
    "updated_at": "2025-11-01T21:52:47.389Z"
  },
  {
    "id": 2,
    "listingId": 1761568080508,
    "country": "United States",
    "type": "business",
    "selection": {
      "port": "New York (NYC)",
      "shipType": "RoRo",
      "name": "afreen",
      "telCode": "+1",
      "tel": "3309876356",
      "consignee": {
        "name": "umar",
        "address": "hous",
        "tel": "33333",
        "email": "umarmarwat1339@gmail.com",
        "tax": "ssssssssss"
      },
      "payer": {
        "name": "umar",
        "tel": "33333",
        "email": "umarmarwat1339@gmail.com"
      },
      "bl": "Original",
      "memo": ""
    },
    "buyer_id": null,
    "buyer_email": null,
    "status": "completed",
    "created_at": "2025-11-01T21:56:00.453Z",
    "updated_at": "2025-11-01T22:05:56.988Z"
  },
  {
    "id": 3,
    "listingId": 1761568080510,
    "country": "United States",
    "type": "personal",
    "selection": {
      "name": "afreen",
      "telCode": "+1",
      "tel": "3309876356",
      "memo": ""
    },
    "buyer_id": null,
    "buyer_email": null,
    "status": "completed",
    "created_at": "2025-11-02T20:45:40.369Z",
    "updated_at": "2025-11-24T10:56:38.564Z",
    "invoice_overrides": {
      "meta": {
        "inv_date": "Nov 2, 2025"
      },
      "company": {
        "address": "306 # 37 OKRYEON RO YEONSU-GU INCHEON SOUTH KOREA",
        "phone": "010-9199-9687",
        "website": "http://autonsm.com",
        "fax": "032-833-9687"
      },
      "buyer": {
        "name": "afreen ghul",
        "email": "—",
        "phone": "",
        "country": "United States"
      },
      "shipper": {
        "address": "306 # 37 OKRYEON RO YEONSU-GU INCHEON SOUTH KOREA",
        "phone": "010-9199-9687",
        "website": "http://autonsm.com",
        "fax": "032-833-9687"
      },
      "item": {
        "title": "g wagan",
        "chassis": "1",
        "unit_price": 50000,
        "shipping_fee": 33000
      },
      "bank": {
        "beneficiary": "NAWISAJAD MUMAND CO., LTD",
        "bank": "nothing",
        "account": "338-064901-56-00017",
        "branch": "SONGDO",
        "swift": "IBKOKRSE"
      }
    },
    "shipping_fee": 33000,
    "price_override": 50000,
    "invoice_url": "http://localhost:8030/buyer-invoice.html?orderId=3",
    "invoice_at": "2025-11-24T10:56:38.564Z"
  },
  {
    "id": 4,
    "listingId": 1761568080510,
    "country": "United States",
    "type": "personal",
    "selection": {
      "name": "afreen",
      "telCode": "+1",
      "tel": "3309876356",
      "memo": ""
    },
    "buyer_id": null,
    "buyer_email": null,
    "status": "completed",
    "created_at": "2025-11-02T21:20:47.248Z",
    "updated_at": "2025-11-24T11:00:13.008Z",
    "invoice_overrides": {
      "meta": {
        "inv_date": "November 3, 2025"
      },
      "company": {
        "address": "306 # 37 OKRYEON RO YEONSU-GU INCHEON SOUTH KOREA",
        "phone": "010-9199-9687",
        "website": "http://autonsm.com",
        "fax": "032-833-9687"
      },
      "buyer": {
        "name": "afreen ikjij",
        "email": "—",
        "phone": "",
        "country": "United States"
      },
      "shipper": {
        "address": "306 # 37 OKRYEON RO YEONSU-GU INCHEON SOUTH KOREA",
        "phone": "010-9199-9687",
        "website": "http://autonsm.com",
        "fax": "032-833-9687"
      },
      "item": {
        "title": "g wagan",
        "chassis": "1",
        "unit_price": 1,
        "shipping_fee": 67676
      },
      "bank": {
        "beneficiary": "NAWISAJAD MUMAND CO., LTD",
        "bank": "IBK INDUSTRIAL BANK OF KOREA",
        "account": "338-064901-56-00017",
        "branch": "SONGDO",
        "swift": "nothing"
      }
    },
    "shipping_fee": 67676,
    "price_override": 1,
    "invoice_url": "http://localhost:8030/buyer-invoice.html?orderId=4",
    "invoice_at": "2025-11-24T11:00:13.008Z"
  },
  {
    "id": 5,
    "listingId": 1761568080510,
    "country": "United States",
    "type": "personal",
    "selection": {
      "name": "afreen",
      "telCode": "+1",
      "tel": "3309876356",
      "memo": ""
    },
    "buyer_id": 1761597392749,
    "buyer_email": "umarmarwat2@gmail.com",
    "status": "completed",
    "created_at": "2025-11-14T17:43:36.147Z",
    "updated_at": "2025-11-24T13:57:55.162Z",
    "invoice_overrides": {
      "meta": {
        "inv_date": "November 14, 2025"
      },
      "company": {
        "address": "306 # 37 OKRYEON RO YEONSU-GU INCHEON SOUTH KOREA",
        "phone": "010-9199-9687",
        "website": "http://autonsm.com",
        "fax": "032-833-9687"
      },
      "buyer": {
        "name": "afreen khan",
        "email": "umarmarwat2@gmail.com",
        "phone": "",
        "country": "United States"
      },
      "shipper": {
        "address": "306 # 37 OKRYEON RO YEONSU-GU INCHEON SOUTH KOREA",
        "phone": "010-9199-9687",
        "website": "http://autonsm.com",
        "fax": "032-833-9687"
      },
      "item": {
        "title": "g wagang wagan ",
        "chassis": "122233",
        "unit_price": 1,
        "shipping_fee": 10000
      },
      "bank": {
        "beneficiary": "NAWISAJAD MUMAND CO., LTD",
        "bank": "IBK INDUSTRIAL BANK OF KOREA",
        "account": "338-064901-56-00017",
        "branch": "SONGDO",
        "swift": "IBKOKRSE"
      }
    },
    "shipping_fee": 10000,
    "price_override": 1,
    "invoice_url": "http://localhost:8030/buyer-invoice.html?orderId=5",
    "invoice_at": "2025-11-24T13:57:55.163Z"
  },
  {
    "id": 6,
    "listingId": 1761568080510,
    "country": "United States",
    "type": "personal",
    "selection": {
      "name": "afreen",
      "telCode": "+1",
      "tel": "3309876356",
      "memo": ""
    },
    "buyer_id": 1761597392749,
    "buyer_email": "umarmarwat2@gmail.com",
    "status": "in_progress",
    "created_at": "2025-11-14T17:44:13.034Z",
    "updated_at": "2025-12-05T10:54:14.598Z",
    "invoice_overrides": {
      "meta": {
        "inv_date": "November 14, 2025",
        "inv_number": "#INV-2025-1114"
      },
      "company": {
        "address": "306 # 37 OKRYEON RO YEONSU-GU INCHEON SOUTH KOREA",
        "phone": "010-9199-9687",
        "website": "http://autonsm.com",
        "fax": "032-833-9687"
      },
      "buyer": {
        "name": "afreen",
        "email": "umarmarwat2@gmail.com",
        "phone": "+1 3309876356",
        "country": "United States"
      },
      "shipper": {
        "name": "NAWISAJAD MUMAND,LTD",
        "address": "306 # 37 OKRYEON RO YEONSU-GU INCHEON SOUTH KOREA",
        "email": "khaialzamin@nsm-koreacars.com",
        "phone": "010-9199-9687",
        "website": "http://autonsm.com",
        "fax": "032-833-9687"
      },
      "item": {
        "title": "g wagan",
        "chassis": "1",
        "product_number": "1761568080510",
        "product_id": "1",
        "unit_price": 1,
        "shipping_fee": 0
      },
      "bank": {
        "beneficiary": "NAWISAJAD MUMAND CO., LTD",
        "bank": "IBK INDUSTRIAL BANK OF KOREA",
        "account": "338-064901-56-00017",
        "branch": "SONGDO",
        "swift": "IBKOKRSE"
      }
    },
    "shipping_fee": 0,
    "price_override": 1
  },
  {
    "id": 7,
    "listingId": 1761568080510,
    "country": "United States",
    "type": "personal",
    "selection": {
      "name": "afreen",
      "telCode": "+1",
      "tel": "3309876356",
      "memo": ""
    },
    "buyer_id": null,
    "buyer_email": null,
    "status": "completed",
    "created_at": "2025-11-14T18:01:18.020Z",
    "updated_at": "2025-11-14T18:02:56.384Z"
  },
  {
    "id": 8,
    "listingId": 1761568080508,
    "country": "United States",
    "type": "personal",
    "selection": {
      "name": "afreen",
      "telCode": "+1",
      "tel": "3309876356",
      "memo": ""
    },
    "buyer_id": null,
    "buyer_email": null,
    "status": "completed",
    "created_at": "2025-11-14T18:11:44.478Z",
    "updated_at": "2025-11-14T18:13:35.908Z"
  },
  {
    "id": 9,
    "listingId": 1761568080510,
    "country": "United States",
    "type": "personal",
    "selection": {
      "name": "afreen",
      "telCode": "+1",
      "tel": "3309876356",
      "memo": ""
    },
    "buyer_id": 1761597392749,
    "buyer_email": "umarmarwat2@gmail.com",
    "status": "in_progress",
    "created_at": "2025-11-14T18:35:48.711Z",
    "updated_at": "2025-11-24T13:38:26.937Z"
  },
  {
    "id": 10,
    "listingId": 1761568080510,
    "country": "United States",
    "type": "personal",
    "selection": {
      "name": "afreen",
      "telCode": "+1",
      "tel": "3309876356",
      "memo": ""
    },
    "buyer_id": 1761597392749,
    "buyer_email": "umarmarwat2@gmail.com",
    "status": "in_progress",
    "created_at": "2025-11-14T18:43:42.247Z",
    "updated_at": "2025-11-14T18:44:05.990Z"
  },
  {
    "id": 11,
    "listingId": 1761568080512,
    "country": "United States",
    "type": "personal",
    "selection": {
      "name": "afreen",
      "telCode": "+1",
      "tel": "3309876356",
      "memo": ""
    },
    "buyer_id": null,
    "buyer_email": null,
    "status": "pending",
    "created_at": "2025-11-17T12:57:59.313Z"
  },
  {
    "id": 12,
    "listingId": 1761568080510,
    "country": "United States",
    "type": "personal",
    "selection": {
      "name": "umar",
      "telCode": "+61",
      "tel": "888919991999",
      "memo": "nothing is clear that"
    },
    "buyer_id": 10000000000004,
    "buyer_email": "umarmarwat10@gmail.com",
    "status": "completed",
    "created_at": "2025-11-17T15:45:07.535Z",
    "updated_at": "2025-11-22T08:08:41.095Z"
  },
  {
    "id": 13,
    "listingId": 1761568080510,
    "country": "United States",
    "type": "personal",
    "selection": {
      "name": "",
      "telCode": "+1",
      "tel": "",
      "memo": ""
    },
    "buyer_id": 10000000000004,
    "buyer_email": "umarmarwat10@gmail.com",
    "status": "pending",
    "created_at": "2025-11-17T15:47:14.658Z"
  },
  {
    "id": 14,
    "listingId": 1761568080512,
    "country": "United States",
    "type": "personal",
    "selection": {
      "name": "afreen",
      "telCode": "+1",
      "tel": "3309876356",
      "memo": "nothing"
    },
    "buyer_id": 10000000000004,
    "buyer_email": "umarmarwat10@gmail.com",
    "status": "pending",
    "created_at": "2025-11-17T16:18:42.991Z"
  },
  {
    "id": 15,
    "listingId": 1761568080512,
    "country": "United States",
    "type": "personal",
    "selection": {
      "name": "afreen",
      "telCode": "+1",
      "tel": "3309876356",
      "memo": ""
    },
    "buyer_id": null,
    "buyer_email": null,
    "status": "pending",
    "created_at": "2025-11-22T09:05:13.184Z"
  },
  {
    "id": 16,
    "listingId": 1761568080512,
    "country": "United States",
    "type": "personal",
    "selection": {
      "name": "afreen",
      "telCode": "+1",
      "tel": "3309876356",
      "memo": ""
    },
    "buyer_id": null,
    "buyer_email": null,
    "status": "in_progress",
    "created_at": "2025-11-22T09:10:45.046Z",
    "updated_at": "2025-11-24T13:35:37.892Z"
  },
  {
    "id": 17,
    "listingId": 1761568080512,
    "country": "United States",
    "type": "personal",
    "selection": {
      "name": "afreen",
      "telCode": "+1",
      "tel": "3309876356",
      "memo": ""
    },
    "buyer_id": 10000000000005,
    "buyer_email": "majidinam39@gmail.com",
    "status": "in_progress",
    "created_at": "2025-11-22T10:05:03.368Z",
    "updated_at": "2025-11-24T13:35:32.130Z"
  },
  {
    "id": 18,
    "listingId": 1761568080512,
    "country": "United States",
    "type": "personal",
    "selection": {
      "name": "afreen",
      "telCode": "+1",
      "tel": "3309876356",
      "memo": ""
    },
    "buyer_id": 10000000000005,
    "buyer_email": "majidinam39@gmail.com",
    "status": "completed",
    "created_at": "2025-11-22T10:05:26.648Z",
    "updated_at": "2025-11-22T10:11:03.469Z",
    "invoice_url": "http://localhost:8015/buyer-invoice.html?orderId=18",
    "invoice_at": "2025-11-22T10:11:03.469Z"
  },
  {
    "id": 19,
    "listingId": 1761568080512,
    "country": "United States",
    "type": "personal",
    "selection": {
      "name": "Majid Inam",
      "telCode": "+44",
      "tel": "3309876356",
      "memo": ""
    },
    "buyer_id": 10000000000005,
    "buyer_email": "majidinam39@gmail.com",
    "status": "in_progress",
    "created_at": "2025-11-22T10:24:47.166Z",
    "updated_at": "2025-11-24T10:58:21.536Z",
    "invoice_url": "http://localhost:8015/buyer-invoice.html?orderId=19",
    "invoice_at": "2025-11-22T10:25:53.623Z",
    "invoice_overrides": {
      "meta": {
        "inv_date": "November 22, 2025"
      },
      "company": {
        "address": "306 # 37 OKRYEON RO YEONSU-GU INCHEON SOUTH KOREA",
        "phone": "010-9199-9687",
        "website": "http://autonsm.com",
        "fax": "032-833-9687"
      },
      "buyer": {
        "name": "Faisal Marwat",
        "email": "majidinam39@gmail.com",
        "phone": "",
        "country": "United States"
      },
      "shipper": {
        "address": "306 # 37 OKRYEON RO YEONSU-GU INCHEON SOUTH KOREA",
        "phone": "010-9199-9687",
        "website": "http://autonsm.com",
        "fax": "032-833-9687"
      },
      "item": {
        "title": "Audi",
        "chassis": "2",
        "unit_price": 7777,
        "shipping_fee": 2000
      },
      "bank": {
        "beneficiary": "NAWISAJAD MUMAND CO., LTD",
        "bank": "IBK INDUSTRIAL BANK OF KOREA",
        "account": "338-064901-56-00017",
        "branch": "SONGDO",
        "swift": "IBKOKRSE"
      }
    },
    "shipping_fee": 2000,
    "price_override": 7777
  },
  {
    "id": 20,
    "listingId": 1761568080512,
    "country": "United States",
    "type": "personal",
    "selection": {
      "name": "Majid Inam 2",
      "telCode": "+44",
      "tel": "3309876356",
      "memo": ""
    },
    "buyer_id": null,
    "buyer_email": null,
    "status": "completed",
    "created_at": "2025-11-22T14:31:28.828Z",
    "updated_at": "2025-11-22T14:32:39.073Z",
    "invoice_url": "http://localhost:8030/buyer-invoice.html?orderId=20",
    "invoice_at": "2025-11-22T14:32:39.073Z"
  },
  {
    "id": 21,
    "listingId": 1761568080500,
    "country": "United States",
    "type": "personal",
    "selection": {
      "name": "Majid Inam 2",
      "telCode": "+44",
      "tel": "3309876356",
      "memo": "mmm"
    },
    "buyer_id": 10000000000005,
    "buyer_email": "majidinam39@gmail.com",
    "status": "completed",
    "created_at": "2025-11-24T12:36:04.515Z",
    "updated_at": "2025-11-24T12:38:33.049Z",
    "invoice_overrides": {
      "meta": {
        "inv_date": "November 24, 2025"
      },
      "company": {
        "address": "306 # 37 OKRYEON RO YEONSU-GU INCHEON SOUTH KOREA",
        "phone": "010-9199-9687",
        "website": "http://autonsm.com",
        "fax": "032-833-9687"
      },
      "buyer": {
        "name": "Faisal Marwat",
        "email": "majidinam39@gmail.com",
        "phone": "",
        "country": "United States"
      },
      "shipper": {
        "address": "306 # 37 OKRYEON RO YEONSU-GU INCHEON SOUTH KOREA",
        "phone": "010-9199-9687",
        "website": "http://autonsm.com",
        "fax": "032-833-9687"
      },
      "item": {
        "title": "s",
        "chassis": "2",
        "unit_price": 2,
        "shipping_fee": 1000
      },
      "bank": {
        "beneficiary": "NAWISAJAD MUMAND CO., LTD",
        "bank": "IBK INDUSTRIAL BANK OF KOREA",
        "account": "338-064901-56-00017",
        "branch": "SONGDO",
        "swift": "IBKOKRSE"
      }
    },
    "shipping_fee": 1000,
    "price_override": 2,
    "invoice_url": "http://localhost:8030/buyer-invoice.html?orderId=21",
    "invoice_at": "2025-11-24T12:38:33.049Z"
  },
  {
    "id": 22,
    "listingId": 1761568080500,
    "country": "United States",
    "type": "personal",
    "selection": {
      "name": "hanzala",
      "telCode": "+1",
      "tel": "12123211122",
      "memo": ""
    },
    "buyer_id": 10000000000004,
    "buyer_email": "umarmarwat10@gmail.com",
    "status": "in_progress",
    "created_at": "2025-11-24T20:20:16.299Z",
    "updated_at": "2025-11-24T20:21:35.641Z"
  },
  {
    "id": 23,
    "listingId": 1761568080510,
    "country": "United States",
    "type": "personal",
    "selection": {
      "name": "faisal",
      "telCode": "+1",
      "tel": "3452098889",
      "memo": ""
    },
    "buyer_id": null,
    "buyer_email": null,
    "status": "pending",
    "created_at": "2025-11-25T19:30:28.880Z"
  },
  {
    "id": 24,
    "listingId": 1,
    "country": "United States",
    "type": "personal",
    "selection": {
      "name": "hassna",
      "telCode": "+1",
      "tel": "22222222222222",
      "memo": ""
    },
    "buyer_id": null,
    "buyer_email": null,
    "status": "pending",
    "created_at": "2025-11-25T19:39:33.135Z"
  },
  {
    "id": 25,
    "listingId": 1,
    "country": "United States",
    "type": "personal",
    "selection": {
      "name": "Majid Inam 2",
      "telCode": "+44",
      "tel": "3309876356",
      "memo": ""
    },
    "buyer_id": 10000000000007,
    "buyer_email": "umarmarwat11@gmail.com",
    "status": "pending",
    "created_at": "2025-11-25T19:40:05.013Z"
  },
  {
    "id": 26,
    "listingId": 1761568080510,
    "country": "United States",
    "type": "personal",
    "selection": {
      "telCode": "+1",
      "name": "Test Buyer",
      "tel": "5551234"
    },
    "buyer_id": null,
    "buyer_email": null,
    "status": "pending",
    "created_at": "2025-11-26T20:24:10.412Z"
  },
  {
    "id": 27,
    "listingId": 1761568080476,
    "country": "United States",
    "type": "personal",
    "selection": {
      "telCode": "+1",
      "name": "AuthorizedBuyer",
      "tel": "5551234"
    },
    "buyer_id": 1761597392748,
    "buyer_email": "umarmarwat1@gmail.com",
    "status": "pending",
    "created_at": "2025-11-26T20:40:00.183Z"
  },
  {
    "id": 28,
    "listingId": 1761568080500,
    "country": "United States",
    "type": "personal",
    "selection": {
      "name": "Majid Inam 0",
      "telCode": "+44",
      "tel": "3309876356",
      "memo": ""
    },
    "buyer_id": 10000000000004,
    "buyer_email": "umarmarwat10@gmail.com",
    "status": "completed",
    "created_at": "2025-11-26T20:53:57.694Z",
    "updated_at": "2025-11-26T20:55:25.522Z",
    "invoice_url": "http://localhost:8015/buyer-invoice.html?orderId=28",
    "invoice_at": "2025-11-26T20:55:25.522Z"
  },
  {
    "id": 29,
    "listingId": 1761568080500,
    "country": "United States",
    "type": "personal",
    "selection": {
      "name": "Faisal Marwat",
      "telCode": "+44",
      "tel": "3309876356",
      "memo": ""
    },
    "buyer_id": 10000000000004,
    "buyer_email": "umarmarwat10@gmail.com",
    "status": "completed",
    "created_at": "2025-11-26T21:16:13.347Z",
    "updated_at": "2025-11-26T21:17:34.783Z",
    "invoice_url": "http://localhost:8015/buyer-invoice.html?orderId=29",
    "invoice_at": "2025-11-26T21:17:34.783Z"
  },
  {
    "id": 30,
    "listingId": 1761568080492,
    "country": "United States",
    "type": "personal",
    "selection": {
      "name": "mm",
      "telCode": "+44",
      "tel": "3309876356",
      "memo": ""
    },
    "buyer_id": 10000000000004,
    "buyer_email": "umarmarwat10@gmail.com",
    "status": "pending",
    "created_at": "2025-11-26T21:19:15.517Z"
  },
  {
    "id": 31,
    "listingId": 1761568080499,
    "country": "United States",
    "type": "personal",
    "selection": {
      "name": "umare",
      "telCode": "+1",
      "tel": "99999999999999",
      "memo": ""
    },
    "buyer_id": 10000000000004,
    "buyer_email": "umarmarwat10@gmail.com",
    "status": "pending",
    "created_at": "2025-11-27T08:36:29.911Z"
  },
  {
    "id": 32,
    "listingId": 1761568080489,
    "country": "United States",
    "type": "personal",
    "selection": {
      "name": "iuyy",
      "telCode": "+1",
      "tel": "7777777777777",
      "memo": ""
    },
    "buyer_id": 10000000000004,
    "buyer_email": "umarmarwat10@gmail.com",
    "status": "pending",
    "created_at": "2025-11-27T09:14:15.103Z"
  },
  {
    "id": 33,
    "listingId": 1761568080513,
    "country": "United States",
    "type": "personal",
    "selection": {
      "name": "uummk",
      "telCode": "+1",
      "tel": "3309876356",
      "memo": ""
    },
    "buyer_id": 10000000000004,
    "buyer_email": "umarmarwat10@gmail.com",
    "status": "completed",
    "created_at": "2025-11-27T10:45:45.485Z",
    "updated_at": "2025-11-27T11:27:40.879Z",
    "invoice_overrides": {
      "meta": {
        "inv_date": "November 27, 2025",
        "inv_number": "#INV-2025-1127"
      },
      "company": {
        "address": "306 # 37 OKRYEON RO YEONSU-GU INCHEON SOUTH KOREA",
        "phone": "010-9199-9687",
        "website": "http://autonsm.com",
        "fax": "032-833-9687"
      },
      "buyer": {
        "name": "Nsm Autos",
        "email": "umarmarwat10@gmail.com",
        "phone": "+1 3309876356",
        "country": "United States"
      },
      "shipper": {
        "name": "NAWISAJAD MUMAND,LTD",
        "address": "306 # 37 OKRYEON RO YEONSU-GU INCHEON SOUTH KOREA",
        "email": "khaialzamin@nsm-koreacars.com",
        "phone": "010-9199-9687",
        "website": "http://autonsm.com",
        "fax": "032-833-9687"
      },
      "item": {
        "title": "Camry",
        "chassis": "2454",
        "product_number": "1761568080513",
        "product_id": "2454",
        "unit_price": 6799,
        "shipping_fee": 20000
      },
      "bank": {
        "beneficiary": "NAWISAJAD MUMAND CO., LTD",
        "bank": "IBK INDUSTRIAL BANK OF KOREA",
        "account": "338-064901-56-00017",
        "branch": "SONGDO",
        "swift": "IBKOKRSE"
      }
    },
    "shipping_fee": 20000,
    "price_override": 6799,
    "invoice_url": "http://localhost:8015/buyer-invoice.html?orderId=33",
    "invoice_at": "2025-11-27T11:27:40.879Z"
  },
  {
    "id": 34,
    "listingId": 1761568080477,
    "country": "Afghanistan",
    "type": "personal",
    "selection": {
      "name": "Majid Inam 0",
      "telCode": "+44",
      "tel": "3309876356",
      "memo": ""
    },
    "buyer_id": 10000000000004,
    "buyer_email": "umarmarwat10@gmail.com",
    "status": "completed",
    "created_at": "2025-12-06T21:17:23.327Z",
    "updated_at": "2025-12-06T21:19:08.584Z",
    "invoice_url": "http://localhost:8020/buyer-invoice.html?orderId=34",
    "invoice_at": "2025-12-06T21:19:08.584Z"
  }
]