[
  {
    "id": 102,
    "name": "Hybrid",
    "slug": "hybrid",
    "color": "#22c55e",
    "created_at": "2024-07-02T11:30:00Z"
  },
  {
    "id": 103,
    "name": "AWD",
    "slug": "awd",
    "color": "#6366f1",
    "created_at": "2024-07-03T13:15:00Z"
  },
  {
    "id": 104,
    "name": "Low Mileage",
    "slug": "low-mileage",
    "color": "#f59e0b",
    "created_at": "2024-07-04T09:20:00Z"
  },
  {
    "id": 105,
    "name": "Certified",
    "slug": "certified",
    "color": "#10b981",
    "created_at": "2024-07-05T08:45:00Z"
  },
  {
    "id": 106,
    "name": "New Arrival",
    "slug": "new-arrival",
    "color": "#ef4444",
    "created_at": "2024-07-06T14:05:00Z"
  },
  {
    "id": 107,
    "name": "vvv",
    "slug": "v",
    "created_at": "2025-10-29T14:45:02.133Z"
  },
  {
    "id": 108,
    "name": "nsm autos pickup",
    "slug": "nsm-autos-pickup",
    "created_at": "2025-10-29T22:32:53.897Z"
  },
  {
    "id": 109,
    "name": "Clearance sale",
    "slug": "clearance-sale",
    "created_at": "2025-12-05T09:19:03.770Z"
  },
  {
    "id": 110,
    "name": "Most Affordable",
    "slug": "most-affordable",
    "created_at": "2025-12-06T18:20:07.036Z"
  }
]
